{
  "responsive-preview": {
    "Mobile": [
      320,
      675
    ],
    "Tablet": [
      1024,
      765
    ],
    "Desktop": [
      1400,
      800
    ],
    "Desktop HD": [
      1920,
      1080
    ]
  },
  "preview": [
    {
      "views": [
        {
          "id": "codesandbox.browser"
        },
        {
          "id": "codesandbox.browser",
          "options": {
            "port": 38993
          },
          "closeable": true
        }
      ]
    },
    {
      "open": true,
      "views": [
        {
          "id": "codesandbox.terminal"
        },
        {
          "id": "codesandbox.console"
        },
        {
          "id": "codesandbox.problems"
        }
      ]
    }
  ]
}